marketplace,product_url
wildberries,https://www.wildberries.ru/catalog/102814909/detail.aspx
wildberries,https://www.wildberries.ru/catalog/137902894/detail.aspx
wildberries,https://www.wildberries.ru/catalog/171096185/detail.aspx
wildberries,https://www.wildberries.ru/catalog/173818202/detail.aspx
wildberries,https://www.wildberries.ru/catalog/175858576/detail.aspx
wildberries,https://www.wildberries.ru/catalog/179241243/detail.aspx
wildberries,https://www.wildberries.ru/catalog/180084701/detail.aspx
wildberries,https://www.wildberries.ru/catalog/194993948/detail.aspx
wildberries,https://www.wildberries.ru/catalog/205805378/detail.aspx
wildberries,https://www.wildberries.ru/catalog/209981605/detail.aspx
wildberries,https://www.wildberries.ru/catalog/209981606/detail.aspx
wildberries,https://www.wildberries.ru/catalog/209984139/detail.aspx
wildberries,https://www.wildberries.ru/catalog/209992985/detail.aspx
wildberries,https://www.wildberries.ru/catalog/218369226/detail.aspx
wildberries,https://www.wildberries.ru/catalog/223911281/detail.aspx
wildberries,https://www.wildberries.ru/catalog/226682651/detail.aspx
wildberries,https://www.wildberries.ru/catalog/227617758/detail.aspx
wildberries,https://www.wildberries.ru/catalog/228931873/detail.aspx
wildberries,https://www.wildberries.ru/catalog/228931874/detail.aspx
wildberries,https://www.wildberries.ru/catalog/228931875/detail.aspx
wildberries,https://www.wildberries.ru/catalog/228931876/detail.aspx
wildberries,https://www.wildberries.ru/catalog/228956276/detail.aspx
wildberries,https://www.wildberries.ru/catalog/231346188/detail.aspx
wildberries,https://www.wildberries.ru/catalog/231346189/detail.aspx
wildberries,https://www.wildberries.ru/catalog/231346190/detail.aspx
wildberries,https://www.wildberries.ru/catalog/231346191/detail.aspx
wildberries,https://www.wildberries.ru/catalog/231346192/detail.aspx
wildberries,https://www.wildberries.ru/catalog/231346193/detail.aspx
wildberries,https://www.wildberries.ru/catalog/231346196/detail.aspx
wildberries,https://www.wildberries.ru/catalog/231346198/detail.aspx
wildberries,https://www.wildberries.ru/catalog/231346199/detail.aspx
wildberries,https://www.wildberries.ru/catalog/231346200/detail.aspx
wildberries,https://www.wildberries.ru/catalog/231346201/detail.aspx
wildberries,https://www.wildberries.ru/catalog/231867329/detail.aspx
wildberries,https://www.wildberries.ru/catalog/231867334/detail.aspx
wildberries,https://www.wildberries.ru/catalog/234186518/detail.aspx
wildberries,https://www.wildberries.ru/catalog/234186519/detail.aspx
wildberries,https://www.wildberries.ru/catalog/234189379/detail.aspx
wildberries,https://www.wildberries.ru/catalog/234189383/detail.aspx
wildberries,https://www.wildberries.ru/catalog/234189386/detail.aspx
wildberries,https://www.wildberries.ru/catalog/234189387/detail.aspx
wildberries,https://www.wildberries.ru/catalog/234189391/detail.aspx
wildberries,https://www.wildberries.ru/catalog/234189392/detail.aspx
wildberries,https://www.wildberries.ru/catalog/234189393/detail.aspx
wildberries,https://www.wildberries.ru/catalog/234189394/detail.aspx
wildberries,https://www.wildberries.ru/catalog/234189395/detail.aspx
wildberries,https://www.wildberries.ru/catalog/234325548/detail.aspx
wildberries,https://www.wildberries.ru/catalog/234420218/detail.aspx
wildberries,https://www.wildberries.ru/catalog/238588775/detail.aspx
wildberries,https://www.wildberries.ru/catalog/238592560/detail.aspx
wildberries,https://www.wildberries.ru/catalog/238592561/detail.aspx
wildberries,https://www.wildberries.ru/catalog/238592563/detail.aspx
wildberries,https://www.wildberries.ru/catalog/238592564/detail.aspx
wildberries,https://www.wildberries.ru/catalog/238592565/detail.aspx
wildberries,https://www.wildberries.ru/catalog/238592566/detail.aspx
wildberries,https://www.wildberries.ru/catalog/238592567/detail.aspx
wildberries,https://www.wildberries.ru/catalog/238592568/detail.aspx
wildberries,https://www.wildberries.ru/catalog/238592570/detail.aspx
wildberries,https://www.wildberries.ru/catalog/241283362/detail.aspx
wildberries,https://www.wildberries.ru/catalog/241283363/detail.aspx
wildberries,https://www.wildberries.ru/catalog/241283364/detail.aspx
wildberries,https://www.wildberries.ru/catalog/241283365/detail.aspx
wildberries,https://www.wildberries.ru/catalog/241283366/detail.aspx
wildberries,https://www.wildberries.ru/catalog/241283367/detail.aspx
wildberries,https://www.wildberries.ru/catalog/241283368/detail.aspx
wildberries,https://www.wildberries.ru/catalog/241283369/detail.aspx
wildberries,https://www.wildberries.ru/catalog/241283370/detail.aspx
wildberries,https://www.wildberries.ru/catalog/241283371/detail.aspx
wildberries,https://www.wildberries.ru/catalog/241283372/detail.aspx
wildberries,https://www.wildberries.ru/catalog/241283373/detail.aspx
wildberries,https://www.wildberries.ru/catalog/241283374/detail.aspx
wildberries,https://www.wildberries.ru/catalog/241283375/detail.aspx
wildberries,https://www.wildberries.ru/catalog/241283376/detail.aspx
wildberries,https://www.wildberries.ru/catalog/241283377/detail.aspx
wildberries,https://www.wildberries.ru/catalog/241283378/detail.aspx
wildberries,https://www.wildberries.ru/catalog/241283379/detail.aspx
wildberries,https://www.wildberries.ru/catalog/241283380/detail.aspx
wildberries,https://www.wildberries.ru/catalog/241283381/detail.aspx
wildberries,https://www.wildberries.ru/catalog/243077385/detail.aspx
wildberries,https://www.wildberries.ru/catalog/243278440/detail.aspx
wildberries,https://www.wildberries.ru/catalog/246543484/detail.aspx
wildberries,https://www.wildberries.ru/catalog/251350006/detail.aspx
wildberries,https://www.wildberries.ru/catalog/253064626/detail.aspx
wildberries,https://www.wildberries.ru/catalog/259384531/detail.aspx
wildberries,https://www.wildberries.ru/catalog/265078961/detail.aspx
wildberries,https://www.wildberries.ru/catalog/266789224/detail.aspx
wildberries,https://www.wildberries.ru/catalog/266789225/detail.aspx
wildberries,https://www.wildberries.ru/catalog/266789226/detail.aspx
wildberries,https://www.wildberries.ru/catalog/266789227/detail.aspx
wildberries,https://www.wildberries.ru/catalog/266789228/detail.aspx
wildberries,https://www.wildberries.ru/catalog/268841042/detail.aspx
wildberries,https://www.wildberries.ru/catalog/272433578/detail.aspx
wildberries,https://www.wildberries.ru/catalog/273724748/detail.aspx
wildberries,https://www.wildberries.ru/catalog/273727836/detail.aspx
wildberries,https://www.wildberries.ru/catalog/275317215/detail.aspx
wildberries,https://www.wildberries.ru/catalog/278374158/detail.aspx
wildberries,https://www.wildberries.ru/catalog/278374159/detail.aspx
wildberries,https://www.wildberries.ru/catalog/278374160/detail.aspx
wildberries,https://www.wildberries.ru/catalog/278374161/detail.aspx
wildberries,https://www.wildberries.ru/catalog/278374164/detail.aspx
wildberries,https://www.wildberries.ru/catalog/278374165/detail.aspx
wildberries,https://www.wildberries.ru/catalog/278374168/detail.aspx
wildberries,https://www.wildberries.ru/catalog/278374173/detail.aspx
wildberries,https://www.wildberries.ru/catalog/281695410/detail.aspx
wildberries,https://www.wildberries.ru/catalog/282173419/detail.aspx
wildberries,https://www.wildberries.ru/catalog/282268988/detail.aspx
wildberries,https://www.wildberries.ru/catalog/282383160/detail.aspx
wildberries,https://www.wildberries.ru/catalog/297025253/detail.aspx
wildberries,https://www.wildberries.ru/catalog/297029431/detail.aspx
wildberries,https://www.wildberries.ru/catalog/299205422/detail.aspx
wildberries,https://www.wildberries.ru/catalog/299220643/detail.aspx
wildberries,https://www.wildberries.ru/catalog/300938189/detail.aspx
wildberries,https://www.wildberries.ru/catalog/313129077/detail.aspx
wildberries,https://www.wildberries.ru/catalog/317808222/detail.aspx
wildberries,https://www.wildberries.ru/catalog/322599210/detail.aspx
wildberries,https://www.wildberries.ru/catalog/323381569/detail.aspx
wildberries,https://www.wildberries.ru/catalog/324870111/detail.aspx
wildberries,https://www.wildberries.ru/catalog/327226388/detail.aspx
wildberries,https://www.wildberries.ru/catalog/327227103/detail.aspx
wildberries,https://www.wildberries.ru/catalog/327541762/detail.aspx
wildberries,https://www.wildberries.ru/catalog/329780740/detail.aspx
wildberries,https://www.wildberries.ru/catalog/334042223/detail.aspx
wildberries,https://www.wildberries.ru/catalog/336971362/detail.aspx
wildberries,https://www.wildberries.ru/catalog/338790064/detail.aspx
wildberries,https://www.wildberries.ru/catalog/338813508/detail.aspx
wildberries,https://www.wildberries.ru/catalog/338946714/detail.aspx
wildberries,https://www.wildberries.ru/catalog/348406054/detail.aspx
wildberries,https://www.wildberries.ru/catalog/353381309/detail.aspx
wildberries,https://www.wildberries.ru/catalog/356690675/detail.aspx
wildberries,https://www.wildberries.ru/catalog/363223155/detail.aspx
wildberries,https://www.wildberries.ru/catalog/367616992/detail.aspx
wildberries,https://www.wildberries.ru/catalog/368109897/detail.aspx
wildberries,https://www.wildberries.ru/catalog/369045350/detail.aspx
wildberries,https://www.wildberries.ru/catalog/369058013/detail.aspx
wildberries,https://www.wildberries.ru/catalog/371173898/detail.aspx
wildberries,https://www.wildberries.ru/catalog/383935207/detail.aspx
wildberries,https://www.wildberries.ru/catalog/383963354/detail.aspx
wildberries,https://www.wildberries.ru/catalog/386419068/detail.aspx
wildberries,https://www.wildberries.ru/catalog/386419073/detail.aspx
wildberries,https://www.wildberries.ru/catalog/386419076/detail.aspx
wildberries,https://www.wildberries.ru/catalog/386419077/detail.aspx
wildberries,https://www.wildberries.ru/catalog/389641692/detail.aspx
wildberries,https://www.wildberries.ru/catalog/390599363/detail.aspx
wildberries,https://www.wildberries.ru/catalog/391183032/detail.aspx
wildberries,https://www.wildberries.ru/catalog/391970225/detail.aspx
wildberries,https://www.wildberries.ru/catalog/392315724/detail.aspx
wildberries,https://www.wildberries.ru/catalog/393547613/detail.aspx
wildberries,https://www.wildberries.ru/catalog/398321822/detail.aspx
wildberries,https://www.wildberries.ru/catalog/398611355/detail.aspx
wildberries,https://www.wildberries.ru/catalog/401444016/detail.aspx
wildberries,https://www.wildberries.ru/catalog/401444017/detail.aspx
wildberries,https://www.wildberries.ru/catalog/401619088/detail.aspx
wildberries,https://www.wildberries.ru/catalog/404897121/detail.aspx
wildberries,https://www.wildberries.ru/catalog/411828739/detail.aspx
wildberries,https://www.wildberries.ru/catalog/411832417/detail.aspx
wildberries,https://www.wildberries.ru/catalog/412079186/detail.aspx
wildberries,https://www.wildberries.ru/catalog/412101911/detail.aspx
wildberries,https://www.wildberries.ru/catalog/415027736/detail.aspx
wildberries,https://www.wildberries.ru/catalog/418629479/detail.aspx
wildberries,https://www.wildberries.ru/catalog/420805705/detail.aspx
wildberries,https://www.wildberries.ru/catalog/427506837/detail.aspx
wildberries,https://www.wildberries.ru/catalog/434477421/detail.aspx
wildberries,https://www.wildberries.ru/catalog/439926456/detail.aspx
wildberries,https://www.wildberries.ru/catalog/439926457/detail.aspx
wildberries,https://www.wildberries.ru/catalog/447338550/detail.aspx
wildberries,https://www.wildberries.ru/catalog/447510551/detail.aspx
wildberries,https://www.wildberries.ru/catalog/459003600/detail.aspx
wildberries,https://www.wildberries.ru/catalog/460513016/detail.aspx
wildberries,https://www.wildberries.ru/catalog/462228256/detail.aspx
wildberries,https://www.wildberries.ru/catalog/462235307/detail.aspx
wildberries,https://www.wildberries.ru/catalog/462869706/detail.aspx
wildberries,https://www.wildberries.ru/catalog/463051477/detail.aspx
wildberries,https://www.wildberries.ru/catalog/463060628/detail.aspx
wildberries,https://www.wildberries.ru/catalog/463241461/detail.aspx
wildberries,https://www.wildberries.ru/catalog/463674823/detail.aspx
wildberries,https://www.wildberries.ru/catalog/471183069/detail.aspx
wildberries,https://www.wildberries.ru/catalog/471183070/detail.aspx
wildberries,https://www.wildberries.ru/catalog/471316061/detail.aspx
wildberries,https://www.wildberries.ru/catalog/475998703/detail.aspx
wildberries,https://www.wildberries.ru/catalog/477821024/detail.aspx
wildberries,https://www.wildberries.ru/catalog/482579367/detail.aspx
wildberries,https://www.wildberries.ru/catalog/484687832/detail.aspx
wildberries,https://www.wildberries.ru/catalog/485873205/detail.aspx
wildberries,https://www.wildberries.ru/catalog/486609183/detail.aspx
wildberries,https://www.wildberries.ru/catalog/492400357/detail.aspx
wildberries,https://www.wildberries.ru/catalog/492664878/detail.aspx
wildberries,https://www.wildberries.ru/catalog/492926633/detail.aspx
wildberries,https://www.wildberries.ru/catalog/493446178/detail.aspx
wildberries,https://www.wildberries.ru/catalog/493446448/detail.aspx
wildberries,https://www.wildberries.ru/catalog/493453407/detail.aspx
wildberries,https://www.wildberries.ru/catalog/493465975/detail.aspx
wildberries,https://www.wildberries.ru/catalog/493466299/detail.aspx
wildberries,https://www.wildberries.ru/catalog/494587001/detail.aspx
wildberries,https://www.wildberries.ru/catalog/494812920/detail.aspx
wildberries,https://www.wildberries.ru/catalog/495796424/detail.aspx
wildberries,https://www.wildberries.ru/catalog/496254980/detail.aspx
wildberries,https://www.wildberries.ru/catalog/498280383/detail.aspx
wildberries,https://www.wildberries.ru/catalog/498282729/detail.aspx
wildberries,https://www.wildberries.ru/catalog/498723673/detail.aspx
wildberries,https://www.wildberries.ru/catalog/499624763/detail.aspx
wildberries,https://www.wildberries.ru/catalog/500513273/detail.aspx
wildberries,https://www.wildberries.ru/catalog/500818747/detail.aspx
wildberries,https://www.wildberries.ru/catalog/505016221/detail.aspx
wildberries,https://www.wildberries.ru/catalog/505391900/detail.aspx
wildberries,https://www.wildberries.ru/catalog/505561920/detail.aspx
wildberries,https://www.wildberries.ru/catalog/516491373/detail.aspx
wildberries,https://www.wildberries.ru/catalog/521539629/detail.aspx
wildberries,https://www.wildberries.ru/catalog/524020970/detail.aspx
wildberries,https://www.wildberries.ru/catalog/525532856/detail.aspx
wildberries,https://www.wildberries.ru/catalog/526373382/detail.aspx
wildberries,https://www.wildberries.ru/catalog/526515273/detail.aspx
wildberries,https://www.wildberries.ru/catalog/526885740/detail.aspx
wildberries,https://www.wildberries.ru/catalog/527527786/detail.aspx
wildberries,https://www.wildberries.ru/catalog/527643689/detail.aspx
wildberries,https://www.wildberries.ru/catalog/529540117/detail.aspx
wildberries,https://www.wildberries.ru/catalog/529541015/detail.aspx
wildberries,https://www.wildberries.ru/catalog/530745381/detail.aspx
wildberries,https://www.wildberries.ru/catalog/530806373/detail.aspx
wildberries,https://www.wildberries.ru/catalog/530809751/detail.aspx
wildberries,https://www.wildberries.ru/catalog/530811603/detail.aspx
wildberries,https://www.wildberries.ru/catalog/530814868/detail.aspx
wildberries,https://www.wildberries.ru/catalog/539959696/detail.aspx
wildberries,https://www.wildberries.ru/catalog/542642848/detail.aspx
wildberries,https://www.wildberries.ru/catalog/549600257/detail.aspx
wildberries,https://www.wildberries.ru/catalog/549600264/detail.aspx
wildberries,https://www.wildberries.ru/catalog/549600269/detail.aspx
wildberries,https://www.wildberries.ru/catalog/549600272/detail.aspx
wildberries,https://www.wildberries.ru/catalog/552015009/detail.aspx
wildberries,https://www.wildberries.ru/catalog/552017470/detail.aspx
wildberries,https://www.wildberries.ru/catalog/552084358/detail.aspx
wildberries,https://www.wildberries.ru/catalog/556590245/detail.aspx
wildberries,https://www.wildberries.ru/catalog/557534063/detail.aspx
wildberries,https://www.wildberries.ru/catalog/557552594/detail.aspx
wildberries,https://www.wildberries.ru/catalog/557552601/detail.aspx
wildberries,https://www.wildberries.ru/catalog/558320267/detail.aspx
wildberries,https://www.wildberries.ru/catalog/560801528/detail.aspx
wildberries,https://www.wildberries.ru/catalog/560905257/detail.aspx
wildberries,https://www.wildberries.ru/catalog/564915300/detail.aspx
wildberries,https://www.wildberries.ru/catalog/565119795/detail.aspx
wildberries,https://www.wildberries.ru/catalog/567689439/detail.aspx
wildberries,https://www.wildberries.ru/catalog/568157436/detail.aspx
wildberries,https://www.wildberries.ru/catalog/569160226/detail.aspx
wildberries,https://www.wildberries.ru/catalog/569421212/detail.aspx
wildberries,https://www.wildberries.ru/catalog/570284667/detail.aspx
wildberries,https://www.wildberries.ru/catalog/570284668/detail.aspx
wildberries,https://www.wildberries.ru/catalog/570284669/detail.aspx
wildberries,https://www.wildberries.ru/catalog/570284670/detail.aspx
wildberries,https://www.wildberries.ru/catalog/575557040/detail.aspx
wildberries,https://www.wildberries.ru/catalog/578664956/detail.aspx
wildberries,https://www.wildberries.ru/catalog/578753332/detail.aspx
wildberries,https://www.wildberries.ru/catalog/581941574/detail.aspx
wildberries,https://www.wildberries.ru/catalog/585512147/detail.aspx
wildberries,https://www.wildberries.ru/catalog/585512148/detail.aspx
wildberries,https://www.wildberries.ru/catalog/585512150/detail.aspx
wildberries,https://www.wildberries.ru/catalog/586071057/detail.aspx
wildberries,https://www.wildberries.ru/catalog/586071058/detail.aspx
wildberries,https://www.wildberries.ru/catalog/591366426/detail.aspx
wildberries,https://www.wildberries.ru/catalog/591366427/detail.aspx
wildberries,https://www.wildberries.ru/catalog/600917395/detail.aspx
wildberries,https://www.wildberries.ru/catalog/618086429/detail.aspx
wildberries,https://www.wildberries.ru/catalog/622063066/detail.aspx
wildberries,https://www.wildberries.ru/catalog/627924124/detail.aspx
wildberries,https://www.wildberries.ru/catalog/635540769/detail.aspx
wildberries,https://www.wildberries.ru/catalog/635540770/detail.aspx
wildberries,https://www.wildberries.ru/catalog/657997306/detail.aspx
wildberries,https://www.wildberries.ru/catalog/664167475/detail.aspx
wildberries,https://www.wildberries.ru/catalog/670899849/detail.aspx
wildberries,https://www.wildberries.ru/catalog/670912044/detail.aspx
wildberries,https://www.wildberries.ru/catalog/670919950/detail.aspx
wildberries,https://www.wildberries.ru/catalog/681256788/detail.aspx
wildberries,https://www.wildberries.ru/catalog/681788529/detail.aspx
wildberries,https://www.wildberries.ru/catalog/682094412/detail.aspx
wildberries,https://www.wildberries.ru/catalog/682094413/detail.aspx
wildberries,https://www.wildberries.ru/catalog/682094416/detail.aspx
wildberries,https://www.wildberries.ru/catalog/682094418/detail.aspx
wildberries,https://www.wildberries.ru/catalog/684820738/detail.aspx
wildberries,https://www.wildberries.ru/catalog/684820739/detail.aspx
wildberries,https://www.wildberries.ru/catalog/684820742/detail.aspx
wildberries,https://www.wildberries.ru/catalog/684820745/detail.aspx
wildberries,https://www.wildberries.ru/catalog/684820746/detail.aspx
wildberries,https://www.wildberries.ru/catalog/687566584/detail.aspx
wildberries,https://www.wildberries.ru/catalog/688881360/detail.aspx
wildberries,https://www.wildberries.ru/catalog/691575345/detail.aspx
wildberries,https://www.wildberries.ru/catalog/699387865/detail.aspx
wildberries,https://www.wildberries.ru/catalog/699419772/detail.aspx
wildberries,https://www.wildberries.ru/catalog/699419773/detail.aspx
wildberries,https://www.wildberries.ru/catalog/699443936/detail.aspx
wildberries,https://www.wildberries.ru/catalog/702303441/detail.aspx
wildberries,https://www.wildberries.ru/catalog/702332530/detail.aspx
wildberries,https://www.wildberries.ru/catalog/702332531/detail.aspx
wildberries,https://www.wildberries.ru/catalog/702332532/detail.aspx
wildberries,https://www.wildberries.ru/catalog/707049727/detail.aspx
wildberries,https://www.wildberries.ru/catalog/707058944/detail.aspx
wildberries,https://www.wildberries.ru/catalog/708987998/detail.aspx
wildberries,https://www.wildberries.ru/catalog/709084146/detail.aspx
wildberries,https://www.wildberries.ru/catalog/709112789/detail.aspx
wildberries,https://www.wildberries.ru/catalog/716907338/detail.aspx
wildberries,https://www.wildberries.ru/catalog/716907339/detail.aspx
wildberries,https://www.wildberries.ru/catalog/716907340/detail.aspx
wildberries,https://www.wildberries.ru/catalog/716907343/detail.aspx
wildberries,https://www.wildberries.ru/catalog/718670769/detail.aspx
wildberries,https://www.wildberries.ru/catalog/718670771/detail.aspx
wildberries,https://www.wildberries.ru/catalog/718670776/detail.aspx
wildberries,https://www.wildberries.ru/catalog/718670777/detail.aspx
wildberries,https://www.wildberries.ru/catalog/718670779/detail.aspx
wildberries,https://www.wildberries.ru/catalog/718670782/detail.aspx
wildberries,https://www.wildberries.ru/catalog/718670785/detail.aspx
wildberries,https://www.wildberries.ru/catalog/718670791/detail.aspx
wildberries,https://www.wildberries.ru/catalog/718670793/detail.aspx
wildberries,https://www.wildberries.ru/catalog/718670794/detail.aspx
wildberries,https://www.wildberries.ru/catalog/718687464/detail.aspx
wildberries,https://www.wildberries.ru/catalog/718687465/detail.aspx
wildberries,https://www.wildberries.ru/catalog/718718364/detail.aspx
wildberries,https://www.wildberries.ru/catalog/718811725/detail.aspx
wildberries,https://www.wildberries.ru/catalog/718811728/detail.aspx
wildberries,https://www.wildberries.ru/catalog/719794934/detail.aspx
wildberries,https://www.wildberries.ru/catalog/719794938/detail.aspx
wildberries,https://www.wildberries.ru/catalog/719794954/detail.aspx
wildberries,https://www.wildberries.ru/catalog/719833763/detail.aspx
wildberries,https://www.wildberries.ru/catalog/721335855/detail.aspx
wildberries,https://www.wildberries.ru/catalog/723534031/detail.aspx
wildberries,https://www.wildberries.ru/catalog/732801136/detail.aspx
wildberries,https://www.wildberries.ru/catalog/740784457/detail.aspx
wildberries,https://www.wildberries.ru/catalog/743990787/detail.aspx
wildberries,https://www.wildberries.ru/catalog/755217887/detail.aspx
wildberries,https://www.wildberries.ru/catalog/755385187/detail.aspx
wildberries,https://www.wildberries.ru/catalog/755405851/detail.aspx
wildberries,https://www.wildberries.ru/catalog/759767652/detail.aspx
wildberries,https://www.wildberries.ru/catalog/760942481/detail.aspx
wildberries,https://www.wildberries.ru/catalog/760942482/detail.aspx
wildberries,https://www.wildberries.ru/catalog/761869324/detail.aspx
wildberries,https://www.wildberries.ru/catalog/764959479/detail.aspx
wildberries,https://www.wildberries.ru/catalog/766285168/detail.aspx
wildberries,https://www.wildberries.ru/catalog/771170294/detail.aspx
wildberries,https://www.wildberries.ru/catalog/790369737/detail.aspx
wildberries,https://www.wildberries.ru/catalog/792892424/detail.aspx
wildberries,https://www.wildberries.ru/catalog/815012803/detail.aspx
wildberries,https://www.wildberries.ru/catalog/820714937/detail.aspx
wildberries,https://www.wildberries.ru/catalog/822131609/detail.aspx
wildberries,https://www.wildberries.ru/catalog/826983783/detail.aspx
wildberries,https://www.wildberries.ru/catalog/829477879/detail.aspx
wildberries,https://www.wildberries.ru/catalog/832123387/detail.aspx
wildberries,https://www.wildberries.ru/catalog/846539482/detail.aspx
wildberries,https://www.wildberries.ru/catalog/847092619/detail.aspx
wildberries,https://www.wildberries.ru/catalog/850742823/detail.aspx
wildberries,https://www.wildberries.ru/catalog/851372119/detail.aspx
wildberries,https://www.wildberries.ru/catalog/854172203/detail.aspx
wildberries,https://www.wildberries.ru/catalog/854172204/detail.aspx
wildberries,https://www.wildberries.ru/catalog/858891844/detail.aspx
wildberries,https://www.wildberries.ru/catalog/861684411/detail.aspx
wildberries,https://www.wildberries.ru/catalog/866806172/detail.aspx
wildberries,https://www.wildberries.ru/catalog/874697418/detail.aspx
wildberries,https://www.wildberries.ru/catalog/889722890/detail.aspx
wildberries,https://www.wildberries.ru/catalog/901748267/detail.aspx
wildberries,https://www.wildberries.ru/catalog/909778353/detail.aspx
wildberries,https://www.wildberries.ru/catalog/911049759/detail.aspx
wildberries,https://www.wildberries.ru/catalog/912063585/detail.aspx
wildberries,https://www.wildberries.ru/catalog/912752040/detail.aspx
wildberries,https://www.wildberries.ru/catalog/915510306/detail.aspx
wildberries,https://www.wildberries.ru/catalog/915596357/detail.aspx
wildberries,https://www.wildberries.ru/catalog/927651076/detail.aspx
wildberries,https://www.wildberries.ru/catalog/929519663/detail.aspx
wildberries,https://www.wildberries.ru/catalog/929519665/detail.aspx
wildberries,https://www.wildberries.ru/catalog/931157710/detail.aspx
wildberries,https://www.wildberries.ru/catalog/932615632/detail.aspx
wildberries,https://www.wildberries.ru/catalog/932706378/detail.aspx
wildberries,https://www.wildberries.ru/catalog/933154080/detail.aspx
wildberries,https://www.wildberries.ru/catalog/933327051/detail.aspx
wildberries,https://www.wildberries.ru/catalog/948992267/detail.aspx
wildberries,https://www.wildberries.ru/catalog/949272190/detail.aspx
wildberries,https://www.wildberries.ru/catalog/952429966/detail.aspx
wildberries,https://www.wildberries.ru/catalog/956756074/detail.aspx
wildberries,https://www.wildberries.ru/catalog/963909946/detail.aspx
wildberries,https://www.wildberries.ru/catalog/964202787/detail.aspx
wildberries,https://www.wildberries.ru/catalog/968036554/detail.aspx
wildberries,https://www.wildberries.ru/catalog/985602037/detail.aspx
wildberries,https://www.wildberries.ru/catalog/987771041/detail.aspx
wildberries,https://www.wildberries.ru/catalog/995515775/detail.aspx
wildberries,https://www.wildberries.ru/catalog/998725304/detail.aspx
